{"cameraMode":{"drawMode":0,"name":"Shaded","section":"Shading Mode"},"sceneLighting":true,"audioPlay":false,"sceneViewState":{"showFog":true,"showMaterialUpdate":false,"showSkybox":true,"showFlares":true,"showImageEffects":true,"showParticleSystems":true},"in2DMode":false,"pivot":{"x":-0.3999362289905548,"y":0.45931366086006167,"z":-0.5175864100456238},"rotation":{"x":0.23529532551765443,"y":-0.1911350041627884,"z":0.04755845665931702,"w":0.9518464207649231},"size":2.2631330490112306,"orthographic":false}